timestamp,room_id,temperature_c,humidity_pct,particle_count_0_5um,diff_pressure_pa
2025-03-01T00:00:00,ROOM-01,20.49,42.4,152608,11.9
2025-03-01T01:00:00,ROOM-01,20.42,46.0,184481,13.1
2025-03-01T02:00:00,ROOM-01,20.49,42.4,136363,13.4
2025-03-01T03:00:00,ROOM-01,20.85,47.2,159240,13.2
2025-03-01T04:00:00,ROOM-01,21.4,42.6,144196,12.7
2025-03-01T05:00:00,ROOM-01,20.86,35.5,142966,14.9
2025-03-01T06:00:00,ROOM-01,20.01,50.7,98305,11.7
2025-03-01T07:00:00,ROOM-01,21.02,42.9,208054,12.0
2025-03-01T08:00:00,ROOM-01,20.41,46.2,161859,11.4
2025-03-01T09:00:00,ROOM-01,21.72,44.3,152508,12.9
2025-03-01T10:00:00,ROOM-01,21.04,48.1,125175,10.7
2025-03-01T11:00:00,ROOM-01,20.43,45.9,120405,9.4
2025-03-01T12:00:00,ROOM-01,20.22,45.5,52321,14.5
2025-03-01T13:00:00,ROOM-01,20.84,46.1,190283,14.0
2025-03-01T14:00:00,ROOM-01,21.51,51.0,119049,13.2
2025-03-01T15:00:00,ROOM-01,20.05,49.1,207840,11.3
2025-03-01T16:00:00,ROOM-01,19.94,40.8,98183,12.6
2025-03-01T17:00:00,ROOM-01,20.92,51.9,122535,11.8
2025-03-01T18:00:00,ROOM-01,21.54,40.8,165367,12.3
2025-03-01T19:00:00,ROOM-01,21.01,44.8,91590,10.4
2025-03-01T20:00:00,ROOM-01,21.17,42.0,127681,12.5
2025-03-01T21:00:00,ROOM-01,20.44,50.0,101391,11.5
2025-03-01T22:00:00,ROOM-01,21.51,51.9,138475,12.9
2025-03-01T23:00:00,ROOM-01,21.4,42.7,59664,10.3
2025-03-02T00:00:00,ROOM-01,21.39,45.9,148715,15.6
2025-03-02T01:00:00,ROOM-01,21.26,46.0,173031,10.3
2025-03-02T02:00:00,ROOM-01,20.42,46.3,141319,13.8
2025-03-02T03:00:00,ROOM-01,20.16,44.6,166929,11.8
2025-03-02T04:00:00,ROOM-01,20.5,41.1,155675,13.0
2025-03-02T05:00:00,ROOM-01,19.5,41.3,166017,12.7
2025-03-02T06:00:00,ROOM-01,20.07,47.6,198703,11.9
2025-03-02T07:00:00,ROOM-01,20.77,45.7,177609,13.6
2025-03-02T08:00:00,ROOM-01,19.08,48.6,221947,13.5
2025-03-02T09:00:00,ROOM-01,20.54,38.0,130441,10.4
2025-03-02T10:00:00,ROOM-01,20.27,47.3,35560,9.0
2025-03-02T11:00:00,ROOM-01,20.72,46.0,167780,13.8
2025-03-02T12:00:00,ROOM-01,20.5,42.6,130793,13.7
2025-03-02T13:00:00,ROOM-01,19.82,42.4,86031,11.5
2025-03-02T14:00:00,ROOM-01,20.44,47.2,129336,10.4
2025-03-02T15:00:00,ROOM-01,20.56,43.3,132992,12.3
2025-03-02T16:00:00,ROOM-01,20.15,39.1,89393,13.6
2025-03-02T17:00:00,ROOM-01,21.25,46.2,93498,12.2
2025-03-02T18:00:00,ROOM-01,20.1,42.0,199666,10.9
2025-03-02T19:00:00,ROOM-01,20.54,43.0,153166,13.6
2025-03-02T20:00:00,ROOM-01,20.33,38.1,90031,10.2
2025-03-02T21:00:00,ROOM-01,20.86,39.6,127032,10.6
2025-03-02T22:00:00,ROOM-01,20.33,46.4,106957,11.9
2025-03-02T23:00:00,ROOM-01,20.51,47.1,133830,10.8
2025-03-03T00:00:00,ROOM-01,18.51,47.7,131687,11.2
2025-03-03T01:00:00,ROOM-01,19.44,45.7,151554,12.5
2025-03-03T02:00:00,ROOM-01,21.54,47.7,131577,12.4
2025-03-03T03:00:00,ROOM-01,20.63,48.7,112751,11.9
2025-03-03T04:00:00,ROOM-01,19.35,38.0,151186,12.5
2025-03-03T05:00:00,ROOM-01,20.11,45.5,117166,11.8
2025-03-03T06:00:00,ROOM-01,20.81,45.2,137076,10.7
2025-03-03T07:00:00,ROOM-01,20.17,48.4,195351,11.7
2025-03-03T08:00:00,ROOM-01,21.45,46.4,150183,12.4
2025-03-03T09:00:00,ROOM-01,20.32,47.1,173376,11.2
2025-03-03T10:00:00,ROOM-01,21.44,46.1,176312,12.0
2025-03-03T11:00:00,ROOM-01,20.44,37.2,143685,14.0
2025-03-03T12:00:00,ROOM-01,20.59,52.5,124093,15.2
2025-03-03T13:00:00,ROOM-01,20.16,40.8,196900,12.1
2025-03-03T14:00:00,ROOM-01,20.13,41.3,149727,12.8
2025-03-03T15:00:00,ROOM-01,21.33,49.4,130414,11.9
2025-03-03T16:00:00,ROOM-01,19.43,46.8,195975,12.6
2025-03-03T17:00:00,ROOM-01,19.37,49.9,140510,12.0
2025-03-03T18:00:00,ROOM-01,20.55,50.7,98235,11.6
2025-03-03T19:00:00,ROOM-01,20.19,46.6,105269,13.6
2025-03-03T20:00:00,ROOM-01,21.03,54.1,76295,12.2
2025-03-03T21:00:00,ROOM-01,20.47,42.2,178141,10.2
2025-03-03T22:00:00,ROOM-01,19.91,51.5,94114,14.1
2025-03-03T23:00:00,ROOM-01,20.81,52.6,80536,10.9
2025-03-04T00:00:00,ROOM-01,20.1,36.3,162912,14.0
2025-03-04T01:00:00,ROOM-01,21.38,53.3,86663,10.6
2025-03-04T02:00:00,ROOM-01,20.75,45.9,92242,12.0
2025-03-04T03:00:00,ROOM-01,20.66,45.6,138627,13.7
2025-03-04T04:00:00,ROOM-01,21.03,48.2,106938,12.6
2025-03-04T05:00:00,ROOM-01,19.84,39.3,195513,11.6
2025-03-04T06:00:00,ROOM-01,20.45,38.1,129520,13.3
2025-03-04T07:00:00,ROOM-01,19.67,54.7,163833,12.4
2025-03-04T08:00:00,ROOM-01,20.44,42.8,98744,14.2
2025-03-04T09:00:00,ROOM-01,21.16,48.3,151593,12.8
2025-03-04T10:00:00,ROOM-01,18.89,38.9,133234,10.9
2025-03-04T11:00:00,ROOM-01,21.34,38.0,189452,15.0
2025-03-04T12:00:00,ROOM-01,20.76,45.0,183280,10.9
2025-03-04T13:00:00,ROOM-01,20.9,46.9,185837,11.2
2025-03-04T14:00:00,ROOM-01,20.21,39.2,151220,10.1
2025-03-04T15:00:00,ROOM-01,19.47,41.5,121962,14.3
2025-03-04T16:00:00,ROOM-01,20.26,47.6,128013,11.8
2025-03-04T17:00:00,ROOM-01,21.06,44.2,175569,11.3
2025-03-04T18:00:00,ROOM-01,20.05,51.0,97184,13.6
2025-03-04T19:00:00,ROOM-01,21.07,49.2,125686,12.3
2025-03-04T20:00:00,ROOM-01,20.32,42.7,106759,12.3
2025-03-04T21:00:00,ROOM-01,20.13,47.3,115186,11.8
2025-03-04T22:00:00,ROOM-01,21.16,45.3,154472,12.4
2025-03-04T23:00:00,ROOM-01,19.88,50.0,118567,15.0
2025-03-05T00:00:00,ROOM-01,19.92,48.3,146644,15.0
2025-03-05T01:00:00,ROOM-01,19.26,47.4,148137,12.1
2025-03-05T02:00:00,ROOM-01,20.25,49.1,120437,11.4
2025-03-05T03:00:00,ROOM-01,19.85,47.0,181251,14.8
2025-03-05T04:00:00,ROOM-01,24.92,43.9,478990,4.2
2025-03-05T05:00:00,ROOM-01,24.39,43.9,594272,4.5
2025-03-05T06:00:00,ROOM-01,24.47,44.5,473848,3.4
2025-03-05T07:00:00,ROOM-01,24.63,42.9,525637,4.0
2025-03-05T08:00:00,ROOM-01,25.46,48.2,439088,4.3
2025-03-05T09:00:00,ROOM-01,24.52,43.4,608030,3.5
2025-03-05T10:00:00,ROOM-01,24.09,50.0,454644,6.1
2025-03-05T11:00:00,ROOM-01,23.84,46.6,424940,4.3
2025-03-05T12:00:00,ROOM-01,24.38,48.3,479559,5.5
2025-03-05T13:00:00,ROOM-01,18.99,42.9,131209,12.1
2025-03-05T14:00:00,ROOM-01,20.88,47.4,128474,11.2
2025-03-05T15:00:00,ROOM-01,21.23,44.0,89038,13.0
2025-03-05T16:00:00,ROOM-01,20.09,43.6,121401,13.3
2025-03-05T17:00:00,ROOM-01,20.77,48.6,185376,14.1
2025-03-05T18:00:00,ROOM-01,21.98,37.9,139930,13.1
2025-03-05T19:00:00,ROOM-01,19.85,47.2,168796,10.8
2025-03-05T20:00:00,ROOM-01,19.68,41.8,152988,16.2
2025-03-05T21:00:00,ROOM-01,20.34,50.5,175854,13.4
2025-03-05T22:00:00,ROOM-01,20.41,46.0,137074,11.3
2025-03-05T23:00:00,ROOM-01,19.93,52.4,169050,9.3
2025-03-06T00:00:00,ROOM-01,21.01,44.6,124579,11.2
2025-03-06T01:00:00,ROOM-01,19.85,43.2,153304,10.8
2025-03-06T02:00:00,ROOM-01,20.72,49.2,164250,12.5
2025-03-06T03:00:00,ROOM-01,20.77,46.6,119119,13.1
2025-03-06T04:00:00,ROOM-01,19.66,46.6,133875,12.4
2025-03-06T05:00:00,ROOM-01,21.31,47.2,168398,10.0
2025-03-06T06:00:00,ROOM-01,20.96,36.9,172131,11.7
2025-03-06T07:00:00,ROOM-01,21.29,48.1,131191,15.3
2025-03-06T08:00:00,ROOM-01,21.43,47.6,115139,12.7
2025-03-06T09:00:00,ROOM-01,19.04,43.6,136741,12.2
2025-03-06T10:00:00,ROOM-01,21.02,52.4,186771,13.2
2025-03-06T11:00:00,ROOM-01,20.65,52.1,121634,11.8
2025-03-06T12:00:00,ROOM-01,20.77,43.3,180417,11.4
2025-03-06T13:00:00,ROOM-01,19.18,46.4,139007,13.6
2025-03-06T14:00:00,ROOM-01,19.75,37.2,206589,12.3
2025-03-06T15:00:00,ROOM-01,20.27,41.3,189752,12.2
2025-03-06T16:00:00,ROOM-01,20.36,45.5,121177,11.3
2025-03-06T17:00:00,ROOM-01,20.97,48.3,94512,14.7
2025-03-06T18:00:00,ROOM-01,20.45,45.7,207566,14.2
2025-03-06T19:00:00,ROOM-01,20.31,41.6,166153,12.5
2025-03-06T20:00:00,ROOM-01,20.56,39.8,164763,12.1
2025-03-06T21:00:00,ROOM-01,20.79,46.9,201960,13.7
2025-03-06T22:00:00,ROOM-01,20.54,39.6,160114,11.4
2025-03-06T23:00:00,ROOM-01,20.77,42.5,97284,10.2
2025-03-07T00:00:00,ROOM-01,19.71,42.3,123971,12.3
2025-03-07T01:00:00,ROOM-01,19.72,41.6,113474,14.2
2025-03-07T02:00:00,ROOM-01,20.75,42.4,151948,13.4
2025-03-07T03:00:00,ROOM-01,20.23,53.0,126783,14.2
2025-03-07T04:00:00,ROOM-01,20.3,42.5,109670,11.2
2025-03-07T05:00:00,ROOM-01,20.38,40.9,152671,12.8
2025-03-07T06:00:00,ROOM-01,21.04,49.8,119016,12.6
2025-03-07T07:00:00,ROOM-01,20.58,46.1,175154,13.4
2025-03-07T08:00:00,ROOM-01,19.71,35.4,134792,14.1
2025-03-07T09:00:00,ROOM-01,20.25,46.8,149113,13.3
2025-03-07T10:00:00,ROOM-01,20.35,39.5,102101,12.2
2025-03-07T11:00:00,ROOM-01,20.69,42.9,73461,12.5
2025-03-07T12:00:00,ROOM-01,21.75,39.4,190927,10.8
2025-03-07T13:00:00,ROOM-01,20.18,49.3,139022,12.2
2025-03-07T14:00:00,ROOM-01,19.65,43.7,188665,11.6
2025-03-07T15:00:00,ROOM-01,20.72,47.0,243668,11.3
2025-03-07T16:00:00,ROOM-01,20.7,47.2,130078,11.3
2025-03-07T17:00:00,ROOM-01,18.85,51.0,131010,13.5
2025-03-07T18:00:00,ROOM-01,20.47,47.3,140869,15.0
2025-03-07T19:00:00,ROOM-01,20.64,46.7,170585,12.4
2025-03-07T20:00:00,ROOM-01,20.82,44.5,137786,13.4
2025-03-07T21:00:00,ROOM-01,20.92,46.8,126191,13.9
2025-03-07T22:00:00,ROOM-01,20.81,50.4,182789,12.0
2025-03-07T23:00:00,ROOM-01,21.03,49.4,138095,10.7
2025-03-08T00:00:00,ROOM-01,20.84,43.4,79088,12.9
2025-03-08T01:00:00,ROOM-01,20.31,45.0,160035,13.0
2025-03-08T02:00:00,ROOM-01,20.72,46.9,93987,12.4
2025-03-08T03:00:00,ROOM-01,21.51,47.4,147336,13.6
2025-03-08T04:00:00,ROOM-01,19.7,47.3,165476,14.2
2025-03-08T05:00:00,ROOM-01,20.52,41.3,184737,12.6
2025-03-08T06:00:00,ROOM-01,20.28,47.8,88707,11.1
2025-03-08T07:00:00,ROOM-01,20.34,47.9,152033,14.5
2025-03-08T08:00:00,ROOM-01,19.66,40.8,110508,12.4
2025-03-08T09:00:00,ROOM-01,20.98,43.7,168887,9.5
2025-03-08T10:00:00,ROOM-01,20.88,46.2,157254,14.0
2025-03-08T11:00:00,ROOM-01,20.18,47.1,140293,13.0
2025-03-08T12:00:00,ROOM-01,19.74,44.1,88326,13.9
2025-03-08T13:00:00,ROOM-01,19.74,45.7,266069,13.8
2025-03-08T14:00:00,ROOM-01,21.16,41.7,138401,13.0
2025-03-08T15:00:00,ROOM-01,20.09,46.7,127967,12.8
2025-03-08T16:00:00,ROOM-01,19.95,45.1,167933,13.4
2025-03-08T17:00:00,ROOM-01,21.04,47.4,132888,13.2
2025-03-08T18:00:00,ROOM-01,21.49,42.2,197353,13.3
2025-03-08T19:00:00,ROOM-01,20.75,45.3,143919,13.2
2025-03-08T20:00:00,ROOM-01,20.86,47.0,137302,15.3
2025-03-08T21:00:00,ROOM-01,20.52,38.6,141709,10.3
2025-03-08T22:00:00,ROOM-01,20.68,45.9,115800,16.4
2025-03-08T23:00:00,ROOM-01,20.7,52.1,83214,14.4
2025-03-09T00:00:00,ROOM-01,20.73,50.1,113666,12.4
2025-03-09T01:00:00,ROOM-01,19.88,48.9,141090,12.6
2025-03-09T02:00:00,ROOM-01,21.61,45.5,90232,14.5
2025-03-09T03:00:00,ROOM-01,20.77,45.0,79744,11.4
2025-03-09T04:00:00,ROOM-01,20.38,47.0,143649,14.6
2025-03-09T05:00:00,ROOM-01,20.63,43.7,226328,10.7
2025-03-09T06:00:00,ROOM-01,20.94,44.6,190376,15.5
2025-03-09T07:00:00,ROOM-01,20.22,42.6,160025,14.7
2025-03-09T08:00:00,ROOM-01,20.64,41.0,175339,9.4
2025-03-09T09:00:00,ROOM-01,20.09,47.1,69126,11.7
2025-03-09T10:00:00,ROOM-01,21.5,47.5,133008,10.1
2025-03-09T11:00:00,ROOM-01,20.51,48.4,209024,12.9
2025-03-09T12:00:00,ROOM-01,22.5,38.2,168040,12.4
2025-03-09T13:00:00,ROOM-01,20.22,41.8,98912,12.5
2025-03-09T14:00:00,ROOM-01,21.18,44.6,170129,11.5
2025-03-09T15:00:00,ROOM-01,19.91,45.1,149965,16.1
2025-03-09T16:00:00,ROOM-01,20.44,50.1,198240,12.9
2025-03-09T17:00:00,ROOM-01,20.12,43.8,147208,10.1
2025-03-09T18:00:00,ROOM-01,19.98,40.4,85295,13.8
2025-03-09T19:00:00,ROOM-01,20.87,42.9,138793,15.4
2025-03-09T20:00:00,ROOM-01,21.1,56.3,91321,11.4
2025-03-09T21:00:00,ROOM-01,20.44,42.0,135120,15.8
2025-03-09T22:00:00,ROOM-01,20.39,46.9,143717,11.4
2025-03-09T23:00:00,ROOM-01,21.16,37.0,164871,10.5
2025-03-10T00:00:00,ROOM-01,21.18,45.4,191117,12.9
2025-03-10T01:00:00,ROOM-01,20.84,55.5,141831,12.6
2025-03-10T02:00:00,ROOM-01,20.55,46.1,171061,11.8
2025-03-10T03:00:00,ROOM-01,20.73,44.9,143275,10.2
2025-03-10T04:00:00,ROOM-01,19.77,47.5,169039,13.2
2025-03-10T05:00:00,ROOM-01,21.1,38.1,157054,14.5
2025-03-10T06:00:00,ROOM-01,19.44,49.3,138869,11.1
2025-03-10T07:00:00,ROOM-01,19.96,42.7,183072,12.9
2025-03-10T08:00:00,ROOM-01,19.52,49.4,124936,11.4
2025-03-10T09:00:00,ROOM-01,20.05,54.2,131547,9.5
2025-03-10T10:00:00,ROOM-01,20.95,48.6,137814,11.0
2025-03-10T11:00:00,ROOM-01,20.58,42.8,156382,13.1
2025-03-10T12:00:00,ROOM-01,21.07,48.9,108723,12.4
2025-03-10T13:00:00,ROOM-01,21.19,43.1,96110,12.0
2025-03-10T14:00:00,ROOM-01,20.42,45.7,97614,12.1
2025-03-10T15:00:00,ROOM-01,20.81,47.8,116669,12.0
2025-03-10T16:00:00,ROOM-01,21.04,41.5,146175,16.0
2025-03-10T17:00:00,ROOM-01,20.73,41.9,114254,11.9
2025-03-10T18:00:00,ROOM-01,20.33,43.0,163693,12.3
2025-03-10T19:00:00,ROOM-01,20.5,47.9,128503,12.7
2025-03-10T20:00:00,ROOM-01,20.33,41.8,121304,10.0
2025-03-10T21:00:00,ROOM-01,20.02,40.4,140363,13.7
2025-03-10T22:00:00,ROOM-01,21.42,47.7,160006,10.9
2025-03-10T23:00:00,ROOM-01,21.17,47.5,233883,11.5
2025-03-01T00:00:00,ROOM-02,21.09,44.2,1014,9.0
2025-03-01T01:00:00,ROOM-02,20.24,45.1,1774,14.3
2025-03-01T02:00:00,ROOM-02,20.64,43.0,1203,13.2
2025-03-01T03:00:00,ROOM-02,20.17,43.6,1731,12.4
2025-03-01T04:00:00,ROOM-02,20.12,41.7,2004,12.6
2025-03-01T05:00:00,ROOM-02,20.11,45.6,1636,12.3
2025-03-01T06:00:00,ROOM-02,20.46,52.3,1650,13.7
2025-03-01T07:00:00,ROOM-02,21.3,51.2,1970,8.1
2025-03-01T08:00:00,ROOM-02,19.79,43.4,1046,15.2
2025-03-01T09:00:00,ROOM-02,20.3,47.7,1222,12.3
2025-03-01T10:00:00,ROOM-02,19.68,47.7,1110,15.8
2025-03-01T11:00:00,ROOM-02,21.16,42.5,1612,12.1
2025-03-01T12:00:00,ROOM-02,21.1,42.1,1802,10.5
2025-03-01T13:00:00,ROOM-02,20.56,48.0,1547,14.0
2025-03-01T14:00:00,ROOM-02,21.32,36.4,1618,12.6
2025-03-01T15:00:00,ROOM-02,19.28,38.1,1930,13.0
2025-03-01T16:00:00,ROOM-02,19.97,42.1,1692,12.0
2025-03-01T17:00:00,ROOM-02,19.93,45.5,1337,11.6
2025-03-01T18:00:00,ROOM-02,21.02,38.3,1552,14.1
2025-03-01T19:00:00,ROOM-02,19.73,51.0,1414,14.8
2025-03-01T20:00:00,ROOM-02,20.46,40.5,2011,11.9
2025-03-01T21:00:00,ROOM-02,20.68,45.0,1704,13.5
2025-03-01T22:00:00,ROOM-02,20.85,37.0,1223,15.4
2025-03-01T23:00:00,ROOM-02,20.87,40.9,1521,13.8
2025-03-02T00:00:00,ROOM-02,20.63,44.2,1768,12.6
2025-03-02T01:00:00,ROOM-02,21.15,44.0,1250,13.4
2025-03-02T02:00:00,ROOM-02,19.85,47.4,1411,12.7
2025-03-02T03:00:00,ROOM-02,19.54,45.3,1390,13.5
2025-03-02T04:00:00,ROOM-02,20.99,46.9,1263,12.5
2025-03-02T05:00:00,ROOM-02,20.34,49.5,1410,13.0
2025-03-02T06:00:00,ROOM-02,19.62,48.3,1218,15.3
2025-03-02T07:00:00,ROOM-02,20.6,49.6,1344,12.7
2025-03-02T08:00:00,ROOM-02,21.36,47.0,1396,11.1
2025-03-02T09:00:00,ROOM-02,19.53,50.1,1582,11.9
2025-03-02T10:00:00,ROOM-02,18.87,47.2,1648,10.9
2025-03-02T11:00:00,ROOM-02,20.49,45.0,913,11.9
2025-03-02T12:00:00,ROOM-02,21.08,50.3,1570,14.9
2025-03-02T13:00:00,ROOM-02,20.45,47.8,2074,12.2
2025-03-02T14:00:00,ROOM-02,21.31,43.3,1182,12.4
2025-03-02T15:00:00,ROOM-02,20.79,44.1,1910,14.0
2025-03-02T16:00:00,ROOM-02,19.38,48.5,908,13.3
2025-03-02T17:00:00,ROOM-02,20.16,47.4,1138,13.6
2025-03-02T18:00:00,ROOM-02,18.7,46.3,1426,12.2
2025-03-02T19:00:00,ROOM-02,21.01,45.1,1851,9.7
2025-03-02T20:00:00,ROOM-02,20.57,41.7,1379,13.0
2025-03-02T21:00:00,ROOM-02,21.17,43.6,1599,13.1
2025-03-02T22:00:00,ROOM-02,20.01,45.3,1375,12.8
2025-03-02T23:00:00,ROOM-02,19.72,38.7,1764,14.0
2025-03-03T00:00:00,ROOM-02,20.14,51.0,585,14.8
2025-03-03T01:00:00,ROOM-02,19.98,38.8,1559,12.7
2025-03-03T02:00:00,ROOM-02,20.47,48.4,1299,13.2
2025-03-03T03:00:00,ROOM-02,21.31,40.6,1203,11.7
2025-03-03T04:00:00,ROOM-02,19.06,50.6,1406,12.0
2025-03-03T05:00:00,ROOM-02,20.48,42.0,1443,8.6
2025-03-03T06:00:00,ROOM-02,20.24,50.4,1391,9.1
2025-03-03T07:00:00,ROOM-02,21.08,41.8,1996,10.1
2025-03-03T08:00:00,ROOM-02,20.97,34.7,1084,11.1
2025-03-03T09:00:00,ROOM-02,20.92,43.2,1733,11.4
2025-03-03T10:00:00,ROOM-02,20.83,45.8,1491,11.2
2025-03-03T11:00:00,ROOM-02,20.51,47.1,1327,13.1
2025-03-03T12:00:00,ROOM-02,19.54,52.2,2143,13.7
2025-03-03T13:00:00,ROOM-02,20.13,43.2,1920,11.2
2025-03-03T14:00:00,ROOM-02,22.07,40.1,1791,10.8
2025-03-03T15:00:00,ROOM-02,20.67,46.1,1127,11.3
2025-03-03T16:00:00,ROOM-02,20.26,57.3,984,12.8
2025-03-03T17:00:00,ROOM-02,20.04,38.2,1638,12.1
2025-03-03T18:00:00,ROOM-02,21.07,50.3,1143,11.7
2025-03-03T19:00:00,ROOM-02,20.11,40.7,1417,12.8
2025-03-03T20:00:00,ROOM-02,20.14,51.6,1528,13.4
2025-03-03T21:00:00,ROOM-02,19.64,46.5,1708,9.9
2025-03-03T22:00:00,ROOM-02,20.84,42.1,1443,13.5
2025-03-03T23:00:00,ROOM-02,21.26,50.2,1072,15.0
2025-03-04T00:00:00,ROOM-02,20.82,43.8,1719,13.9
2025-03-04T01:00:00,ROOM-02,19.61,45.1,1046,13.1
2025-03-04T02:00:00,ROOM-02,19.83,51.7,1178,13.6
2025-03-04T03:00:00,ROOM-02,20.14,45.6,1270,11.2
2025-03-04T04:00:00,ROOM-02,20.43,42.9,986,12.3
2025-03-04T05:00:00,ROOM-02,21.28,39.0,1576,12.8
2025-03-04T06:00:00,ROOM-02,20.36,46.0,1670,14.1
2025-03-04T07:00:00,ROOM-02,20.85,51.2,1634,15.4
2025-03-04T08:00:00,ROOM-02,21.04,47.8,1127,12.2
2025-03-04T09:00:00,ROOM-02,20.31,41.3,1681,10.3
2025-03-04T10:00:00,ROOM-02,21.2,46.5,1545,14.1
2025-03-04T11:00:00,ROOM-02,19.86,41.5,1892,13.8
2025-03-04T12:00:00,ROOM-02,19.73,42.7,1611,12.9
2025-03-04T13:00:00,ROOM-02,20.16,43.5,1229,11.7
2025-03-04T14:00:00,ROOM-02,20.56,42.2,1129,13.7
2025-03-04T15:00:00,ROOM-02,19.89,45.7,1065,10.6
2025-03-04T16:00:00,ROOM-02,20.65,45.9,1237,13.1
2025-03-04T17:00:00,ROOM-02,20.45,42.0,1342,13.8
2025-03-04T18:00:00,ROOM-02,20.9,39.5,1423,12.0
2025-03-04T19:00:00,ROOM-02,20.81,45.4,1807,14.5
2025-03-04T20:00:00,ROOM-02,21.63,47.3,1975,11.2
2025-03-04T21:00:00,ROOM-02,20.95,45.3,885,13.3
2025-03-04T22:00:00,ROOM-02,19.79,45.8,1858,10.6
2025-03-04T23:00:00,ROOM-02,20.69,43.2,1201,12.0
2025-03-05T00:00:00,ROOM-02,20.7,45.8,1353,12.7
2025-03-05T01:00:00,ROOM-02,20.53,45.6,1671,11.7
2025-03-05T02:00:00,ROOM-02,19.97,47.4,1073,12.4
2025-03-05T03:00:00,ROOM-02,20.48,43.6,1128,13.6
2025-03-05T04:00:00,ROOM-02,21.15,45.8,1375,11.4
2025-03-05T05:00:00,ROOM-02,18.47,42.2,1561,14.4
2025-03-05T06:00:00,ROOM-02,19.3,41.0,1413,11.7
2025-03-05T07:00:00,ROOM-02,19.95,49.4,2139,11.4
2025-03-05T08:00:00,ROOM-02,21.65,50.2,1797,12.8
2025-03-05T09:00:00,ROOM-02,20.33,47.2,1254,13.0
2025-03-05T10:00:00,ROOM-02,20.25,51.4,1734,11.9
2025-03-05T11:00:00,ROOM-02,20.49,47.7,1845,12.9
2025-03-05T12:00:00,ROOM-02,19.74,45.6,1800,12.9
2025-03-05T13:00:00,ROOM-02,19.86,44.5,1360,12.6
2025-03-05T14:00:00,ROOM-02,19.6,41.8,1188,11.0
2025-03-05T15:00:00,ROOM-02,20.47,56.4,1629,15.2
2025-03-05T16:00:00,ROOM-02,20.92,44.2,1290,10.7
2025-03-05T17:00:00,ROOM-02,20.53,41.5,2266,13.0
2025-03-05T18:00:00,ROOM-02,20.17,45.3,290,9.7
2025-03-05T19:00:00,ROOM-02,20.95,51.6,1390,11.8
2025-03-05T20:00:00,ROOM-02,21.4,45.3,1849,13.7
2025-03-05T21:00:00,ROOM-02,20.3,48.5,1211,13.2
2025-03-05T22:00:00,ROOM-02,20.51,42.9,1277,12.3
2025-03-05T23:00:00,ROOM-02,20.91,39.5,1227,11.3
2025-03-06T00:00:00,ROOM-02,21.36,39.5,1103,13.0
2025-03-06T01:00:00,ROOM-02,19.89,36.4,1438,12.6
2025-03-06T02:00:00,ROOM-02,20.0,45.0,2069,15.3
2025-03-06T03:00:00,ROOM-02,20.86,48.2,1448,14.8
2025-03-06T04:00:00,ROOM-02,21.59,43.3,1386,11.4
2025-03-06T05:00:00,ROOM-02,20.52,43.6,1028,11.5
2025-03-06T06:00:00,ROOM-02,21.13,43.4,1215,12.5
2025-03-06T07:00:00,ROOM-02,19.99,47.6,940,13.6
2025-03-06T08:00:00,ROOM-02,20.92,51.2,1342,12.8
2025-03-06T09:00:00,ROOM-02,21.22,48.3,1391,13.1
2025-03-06T10:00:00,ROOM-02,20.63,40.5,1757,9.9
2025-03-06T11:00:00,ROOM-02,20.4,43.3,1662,13.4
2025-03-06T12:00:00,ROOM-02,20.33,43.1,1361,11.7
2025-03-06T13:00:00,ROOM-02,20.43,41.9,1286,13.5
2025-03-06T14:00:00,ROOM-02,19.83,43.8,1882,12.2
2025-03-06T15:00:00,ROOM-02,20.33,46.7,1739,9.7
2025-03-06T16:00:00,ROOM-02,19.82,45.8,1226,12.6
2025-03-06T17:00:00,ROOM-02,20.16,44.8,1329,12.8
2025-03-06T18:00:00,ROOM-02,20.51,48.6,1390,13.2
2025-03-06T19:00:00,ROOM-02,21.26,47.6,1682,14.6
2025-03-06T20:00:00,ROOM-02,20.54,48.9,1186,12.8
2025-03-06T21:00:00,ROOM-02,21.04,32.6,1487,11.9
2025-03-06T22:00:00,ROOM-02,20.68,45.1,1545,11.7
2025-03-06T23:00:00,ROOM-02,20.51,34.8,1462,14.6
2025-03-07T00:00:00,ROOM-02,20.01,48.1,1129,12.7
2025-03-07T01:00:00,ROOM-02,21.15,39.5,1846,12.4
2025-03-07T02:00:00,ROOM-02,19.99,44.1,689,12.6
2025-03-07T03:00:00,ROOM-02,20.89,40.2,1437,12.0
2025-03-07T04:00:00,ROOM-02,20.21,42.3,1682,10.9
2025-03-07T05:00:00,ROOM-02,20.37,42.3,339,11.0
2025-03-07T06:00:00,ROOM-02,19.74,40.9,1763,12.0
2025-03-07T07:00:00,ROOM-02,20.05,46.4,540,14.2
2025-03-07T08:00:00,ROOM-02,20.94,46.4,1831,11.2
2025-03-07T09:00:00,ROOM-02,20.26,40.5,1339,12.6
2025-03-07T10:00:00,ROOM-02,20.29,46.7,1264,13.7
2025-03-07T11:00:00,ROOM-02,21.07,45.4,861,11.0
2025-03-07T12:00:00,ROOM-02,20.18,51.1,1259,10.2
2025-03-07T13:00:00,ROOM-02,19.82,53.0,1282,12.7
2025-03-07T14:00:00,ROOM-02,19.66,43.2,1414,13.1
2025-03-07T15:00:00,ROOM-02,20.66,44.8,1426,14.6
2025-03-07T16:00:00,ROOM-02,21.04,53.1,1525,13.0
2025-03-07T17:00:00,ROOM-02,21.1,44.8,1155,11.2
2025-03-07T18:00:00,ROOM-02,20.37,45.4,1491,13.7
2025-03-07T19:00:00,ROOM-02,20.61,45.1,1646,12.0
2025-03-07T20:00:00,ROOM-02,19.7,38.4,1182,12.0
2025-03-07T21:00:00,ROOM-02,20.08,51.2,1878,14.9
2025-03-07T22:00:00,ROOM-02,20.5,43.3,1481,10.8
2025-03-07T23:00:00,ROOM-02,20.79,42.8,1973,10.8
2025-03-08T00:00:00,ROOM-02,20.21,51.6,1607,11.3
2025-03-08T01:00:00,ROOM-02,20.88,42.0,1240,13.3
2025-03-08T02:00:00,ROOM-02,20.87,36.1,1902,13.1
2025-03-08T03:00:00,ROOM-02,20.38,46.2,703,14.6
2025-03-08T04:00:00,ROOM-02,20.77,44.4,2277,13.1
2025-03-08T05:00:00,ROOM-02,21.1,36.0,948,11.4
2025-03-08T06:00:00,ROOM-02,19.45,45.2,1752,13.6
2025-03-08T07:00:00,ROOM-02,20.46,43.8,1498,13.3
2025-03-08T08:00:00,ROOM-02,21.06,49.3,1376,15.0
2025-03-08T09:00:00,ROOM-02,21.1,45.9,1280,10.4
2025-03-08T10:00:00,ROOM-02,20.7,42.2,1158,11.7
2025-03-08T11:00:00,ROOM-02,20.68,43.5,1306,11.2
2025-03-08T12:00:00,ROOM-02,20.96,44.7,1200,11.9
2025-03-08T13:00:00,ROOM-02,20.5,45.9,1451,11.5
2025-03-08T14:00:00,ROOM-02,21.13,36.0,2111,10.4
2025-03-08T15:00:00,ROOM-02,20.93,50.7,1019,13.7
2025-03-08T16:00:00,ROOM-02,21.12,43.2,1147,12.5
2025-03-08T17:00:00,ROOM-02,20.26,43.9,1782,14.3
2025-03-08T18:00:00,ROOM-02,20.89,48.8,1815,9.4
2025-03-08T19:00:00,ROOM-02,18.88,49.6,1209,11.5
2025-03-08T20:00:00,ROOM-02,19.82,42.5,1911,12.3
2025-03-08T21:00:00,ROOM-02,20.96,42.5,2121,14.1
2025-03-08T22:00:00,ROOM-02,20.2,43.1,1619,11.2
2025-03-08T23:00:00,ROOM-02,19.59,43.1,1603,13.3
2025-03-09T00:00:00,ROOM-02,20.35,45.1,1488,12.8
2025-03-09T01:00:00,ROOM-02,20.83,46.4,836,11.7
2025-03-09T02:00:00,ROOM-02,20.61,43.2,1366,12.1
2025-03-09T03:00:00,ROOM-02,20.34,43.1,1197,10.6
2025-03-09T04:00:00,ROOM-02,21.44,51.3,1173,13.3
2025-03-09T05:00:00,ROOM-02,20.85,36.4,862,13.2
2025-03-09T06:00:00,ROOM-02,20.29,47.2,1166,11.2
2025-03-09T07:00:00,ROOM-02,20.4,48.1,1230,14.1
2025-03-09T08:00:00,ROOM-02,20.31,45.6,1101,11.7
2025-03-09T09:00:00,ROOM-02,20.6,39.6,1254,12.6
2025-03-09T10:00:00,ROOM-02,20.86,42.7,2121,12.1
2025-03-09T11:00:00,ROOM-02,20.73,44.8,1807,13.0
2025-03-09T12:00:00,ROOM-02,20.75,46.4,1309,14.4
2025-03-09T13:00:00,ROOM-02,20.7,41.5,2015,13.4
2025-03-09T14:00:00,ROOM-02,20.02,40.8,1921,14.1
2025-03-09T15:00:00,ROOM-02,20.78,46.7,1324,12.9
2025-03-09T16:00:00,ROOM-02,20.58,50.0,1518,12.4
2025-03-09T17:00:00,ROOM-02,22.06,47.3,1030,15.1
2025-03-09T18:00:00,ROOM-02,20.52,50.1,1179,14.5
2025-03-09T19:00:00,ROOM-02,21.6,45.4,1522,11.8
2025-03-09T20:00:00,ROOM-02,19.87,40.9,1530,10.2
2025-03-09T21:00:00,ROOM-02,20.1,37.4,1305,9.3
2025-03-09T22:00:00,ROOM-02,20.62,46.8,952,11.5
2025-03-09T23:00:00,ROOM-02,20.4,39.5,768,13.9
2025-03-10T00:00:00,ROOM-02,20.64,52.6,1197,13.7
2025-03-10T01:00:00,ROOM-02,19.48,42.3,1366,12.9
2025-03-10T02:00:00,ROOM-02,20.99,52.4,1144,14.9
2025-03-10T03:00:00,ROOM-02,19.72,44.7,1349,11.7
2025-03-10T04:00:00,ROOM-02,20.22,47.3,1942,14.4
2025-03-10T05:00:00,ROOM-02,21.29,41.3,1317,13.1
2025-03-10T06:00:00,ROOM-02,21.74,47.0,1515,10.5
2025-03-10T07:00:00,ROOM-02,20.26,44.9,2018,14.1
2025-03-10T08:00:00,ROOM-02,20.3,43.6,1557,12.1
2025-03-10T09:00:00,ROOM-02,19.71,42.7,625,11.0
2025-03-10T10:00:00,ROOM-02,20.14,39.0,1387,11.5
2025-03-10T11:00:00,ROOM-02,19.73,48.2,1385,13.3
2025-03-10T12:00:00,ROOM-02,20.63,44.3,1826,13.7
2025-03-10T13:00:00,ROOM-02,20.35,48.7,2200,14.5
2025-03-10T14:00:00,ROOM-02,20.01,46.7,1518,11.5
2025-03-10T15:00:00,ROOM-02,20.32,52.3,1398,12.4
2025-03-10T16:00:00,ROOM-02,20.06,51.0,1138,15.0
2025-03-10T17:00:00,ROOM-02,20.21,42.1,1941,12.4
2025-03-10T18:00:00,ROOM-02,20.22,49.1,881,13.7
2025-03-10T19:00:00,ROOM-02,20.62,48.7,704,11.9
2025-03-10T20:00:00,ROOM-02,20.35,42.4,1766,11.0
2025-03-10T21:00:00,ROOM-02,21.91,47.0,1284,13.5
2025-03-10T22:00:00,ROOM-02,20.61,42.2,1486,13.8
2025-03-10T23:00:00,ROOM-02,19.37,46.1,1396,13.4
2025-03-01T00:00:00,ROOM-03,20.04,42.8,1481,13.2
2025-03-01T01:00:00,ROOM-03,20.24,42.4,1482,13.6
2025-03-01T02:00:00,ROOM-03,19.59,46.9,1227,11.4
2025-03-01T03:00:00,ROOM-03,19.92,45.6,1816,11.5
2025-03-01T04:00:00,ROOM-03,20.61,51.3,1586,12.7
2025-03-01T05:00:00,ROOM-03,20.06,42.0,1702,13.8
2025-03-01T06:00:00,ROOM-03,20.83,45.1,1592,12.8
2025-03-01T07:00:00,ROOM-03,20.19,40.9,2091,12.4
2025-03-01T08:00:00,ROOM-03,20.29,50.5,1386,13.8
2025-03-01T09:00:00,ROOM-03,21.44,46.5,1396,15.2
2025-03-01T10:00:00,ROOM-03,20.75,42.8,1321,14.5
2025-03-01T11:00:00,ROOM-03,19.62,41.6,965,12.6
2025-03-01T12:00:00,ROOM-03,21.57,42.3,1920,13.5
2025-03-01T13:00:00,ROOM-03,20.65,46.6,1358,15.4
2025-03-01T14:00:00,ROOM-03,19.25,36.6,1793,12.4
2025-03-01T15:00:00,ROOM-03,20.33,39.6,1399,12.1
2025-03-01T16:00:00,ROOM-03,19.94,46.2,1741,11.7
2025-03-01T17:00:00,ROOM-03,20.91,44.5,1325,15.7
2025-03-01T18:00:00,ROOM-03,19.62,45.7,1456,12.2
2025-03-01T19:00:00,ROOM-03,21.29,50.6,1866,14.1
2025-03-01T20:00:00,ROOM-03,20.84,37.8,1019,10.7
2025-03-01T21:00:00,ROOM-03,20.57,50.5,1431,13.2
2025-03-01T22:00:00,ROOM-03,20.5,41.6,1599,12.1
2025-03-01T23:00:00,ROOM-03,20.71,55.9,1398,12.8
2025-03-02T00:00:00,ROOM-03,20.82,40.9,930,11.8
2025-03-02T01:00:00,ROOM-03,21.49,49.6,839,13.5
2025-03-02T02:00:00,ROOM-03,21.26,46.8,1548,11.0
2025-03-02T03:00:00,ROOM-03,21.26,43.6,1467,12.1
2025-03-02T04:00:00,ROOM-03,20.66,44.4,1962,13.8
2025-03-02T05:00:00,ROOM-03,21.11,42.2,787,12.7
2025-03-02T06:00:00,ROOM-03,20.85,47.9,1497,13.6
2025-03-02T07:00:00,ROOM-03,20.59,38.6,1228,10.7
2025-03-02T08:00:00,ROOM-03,20.65,49.1,1076,14.0
2025-03-02T09:00:00,ROOM-03,20.38,47.5,1088,14.1
2025-03-02T10:00:00,ROOM-03,20.49,41.9,1213,16.1
2025-03-02T11:00:00,ROOM-03,19.88,36.5,863,10.7
2025-03-02T12:00:00,ROOM-03,21.09,44.0,521,13.1
2025-03-02T13:00:00,ROOM-03,21.44,45.6,1566,13.2
2025-03-02T14:00:00,ROOM-03,19.95,47.9,1565,12.4
2025-03-02T15:00:00,ROOM-03,19.99,49.1,1151,10.3
2025-03-02T16:00:00,ROOM-03,19.89,44.3,1464,12.4
2025-03-02T17:00:00,ROOM-03,20.42,46.8,1379,10.5
2025-03-02T18:00:00,ROOM-03,19.36,39.0,1648,12.0
2025-03-02T19:00:00,ROOM-03,21.1,53.2,1053,14.3
2025-03-02T20:00:00,ROOM-03,21.09,44.8,1147,13.6
2025-03-02T21:00:00,ROOM-03,20.23,47.5,1849,14.3
2025-03-02T22:00:00,ROOM-03,21.21,47.1,1278,13.2
2025-03-02T23:00:00,ROOM-03,19.97,52.0,1926,11.8
2025-03-03T00:00:00,ROOM-03,19.92,39.5,1510,9.8
2025-03-03T01:00:00,ROOM-03,22.03,49.1,1864,12.4
2025-03-03T02:00:00,ROOM-03,19.22,39.9,1587,9.9
2025-03-03T03:00:00,ROOM-03,20.45,47.7,1142,12.7
2025-03-03T04:00:00,ROOM-03,20.57,50.5,1717,11.2
2025-03-03T05:00:00,ROOM-03,20.16,51.3,1839,8.6
2025-03-03T06:00:00,ROOM-03,20.12,41.8,1474,11.4
2025-03-03T07:00:00,ROOM-03,20.53,43.7,1831,10.8
2025-03-03T08:00:00,ROOM-03,20.9,39.4,1869,11.1
2025-03-03T09:00:00,ROOM-03,21.41,40.4,1388,11.6
2025-03-03T10:00:00,ROOM-03,21.21,45.8,1760,11.6
2025-03-03T11:00:00,ROOM-03,20.59,45.4,1525,11.0
2025-03-03T12:00:00,ROOM-03,20.72,38.8,1368,11.7
2025-03-03T13:00:00,ROOM-03,19.93,44.1,1416,11.5
2025-03-03T14:00:00,ROOM-03,20.94,47.7,1379,11.0
2025-03-03T15:00:00,ROOM-03,21.05,48.3,1500,12.5
2025-03-03T16:00:00,ROOM-03,20.63,40.0,1556,11.5
2025-03-03T17:00:00,ROOM-03,21.25,45.2,1467,12.4
2025-03-03T18:00:00,ROOM-03,20.94,46.3,1112,10.7
2025-03-03T19:00:00,ROOM-03,19.48,42.3,1482,12.5
2025-03-03T20:00:00,ROOM-03,20.16,44.6,1440,11.7
2025-03-03T21:00:00,ROOM-03,20.99,44.9,1563,13.5
2025-03-03T22:00:00,ROOM-03,21.25,43.7,1546,15.6
2025-03-03T23:00:00,ROOM-03,20.84,46.2,1239,13.7
2025-03-04T00:00:00,ROOM-03,19.66,43.2,1295,10.8
2025-03-04T01:00:00,ROOM-03,20.46,42.5,2136,11.3
2025-03-04T02:00:00,ROOM-03,19.8,45.5,1237,12.8
2025-03-04T03:00:00,ROOM-03,20.55,45.2,1001,15.0
2025-03-04T04:00:00,ROOM-03,22.15,45.0,1417,12.8
2025-03-04T05:00:00,ROOM-03,19.48,40.5,1446,12.1
2025-03-04T06:00:00,ROOM-03,21.33,46.1,1544,15.3
2025-03-04T07:00:00,ROOM-03,20.75,45.5,1283,10.3
2025-03-04T08:00:00,ROOM-03,20.02,37.0,1600,11.8
2025-03-04T09:00:00,ROOM-03,20.06,40.4,1792,11.3
2025-03-04T10:00:00,ROOM-03,20.08,45.4,1179,10.9
2025-03-04T11:00:00,ROOM-03,20.01,48.1,1548,11.1
2025-03-04T12:00:00,ROOM-03,20.37,36.8,1280,11.5
2025-03-04T13:00:00,ROOM-03,20.27,46.4,1646,13.5
2025-03-04T14:00:00,ROOM-03,21.66,47.0,1592,12.5
2025-03-04T15:00:00,ROOM-03,19.28,43.9,1321,13.4
2025-03-04T16:00:00,ROOM-03,20.36,46.3,1547,11.5
2025-03-04T17:00:00,ROOM-03,20.78,41.8,1241,12.2
2025-03-04T18:00:00,ROOM-03,20.58,40.9,1916,14.9
2025-03-04T19:00:00,ROOM-03,21.39,44.7,1100,13.8
2025-03-04T20:00:00,ROOM-03,20.44,44.3,1422,14.6
2025-03-04T21:00:00,ROOM-03,20.71,52.3,1541,11.9
2025-03-04T22:00:00,ROOM-03,20.27,47.6,1467,12.8
2025-03-04T23:00:00,ROOM-03,20.71,40.8,1456,11.9
2025-03-05T00:00:00,ROOM-03,20.54,48.6,1395,10.2
2025-03-05T01:00:00,ROOM-03,19.71,44.6,1603,13.1
2025-03-05T02:00:00,ROOM-03,20.85,44.8,1760,15.4
2025-03-05T03:00:00,ROOM-03,19.82,40.4,1594,11.0
2025-03-05T04:00:00,ROOM-03,21.58,48.1,1658,12.8
2025-03-05T05:00:00,ROOM-03,20.61,45.6,1445,13.7
2025-03-05T06:00:00,ROOM-03,20.21,47.9,1166,13.5
2025-03-05T07:00:00,ROOM-03,20.84,41.3,1337,14.2
2025-03-05T08:00:00,ROOM-03,20.98,46.3,1513,12.7
2025-03-05T09:00:00,ROOM-03,20.08,45.5,1102,13.5
2025-03-05T10:00:00,ROOM-03,21.23,49.6,1511,11.4
2025-03-05T11:00:00,ROOM-03,20.06,44.1,1948,11.6
2025-03-05T12:00:00,ROOM-03,20.56,45.7,2065,10.9
2025-03-05T13:00:00,ROOM-03,20.19,44.7,2073,9.0
2025-03-05T14:00:00,ROOM-03,21.03,40.7,1872,11.0
2025-03-05T15:00:00,ROOM-03,21.19,50.8,1698,12.7
2025-03-05T16:00:00,ROOM-03,20.78,45.9,1735,11.6
2025-03-05T17:00:00,ROOM-03,20.97,45.5,1344,11.7
2025-03-05T18:00:00,ROOM-03,19.49,41.3,1472,14.4
2025-03-05T19:00:00,ROOM-03,21.52,40.5,1391,13.6
2025-03-05T20:00:00,ROOM-03,20.02,37.5,1328,11.6
2025-03-05T21:00:00,ROOM-03,21.36,40.8,1376,12.3
2025-03-05T22:00:00,ROOM-03,20.95,47.8,1409,15.2
2025-03-05T23:00:00,ROOM-03,20.53,39.7,1262,13.8
2025-03-06T00:00:00,ROOM-03,20.11,54.8,1971,11.3
2025-03-06T01:00:00,ROOM-03,20.88,37.3,956,11.2
2025-03-06T02:00:00,ROOM-03,20.3,47.7,2074,13.4
2025-03-06T03:00:00,ROOM-03,19.71,42.4,1691,13.0
2025-03-06T04:00:00,ROOM-03,20.26,48.7,805,12.7
2025-03-06T05:00:00,ROOM-03,20.4,49.7,1534,12.7
2025-03-06T06:00:00,ROOM-03,20.03,46.2,1212,13.4
2025-03-06T07:00:00,ROOM-03,21.53,43.2,1662,13.5
2025-03-06T08:00:00,ROOM-03,20.44,39.0,2017,11.3
2025-03-06T09:00:00,ROOM-03,19.62,39.6,2057,13.7
2025-03-06T10:00:00,ROOM-03,21.02,48.0,1180,10.4
2025-03-06T11:00:00,ROOM-03,20.51,46.7,1009,12.7
2025-03-06T12:00:00,ROOM-03,19.17,39.6,1375,11.4
2025-03-06T13:00:00,ROOM-03,19.6,47.5,2000,11.5
2025-03-06T14:00:00,ROOM-03,21.47,51.1,1421,13.0
2025-03-06T15:00:00,ROOM-03,20.24,45.8,1858,11.6
2025-03-06T16:00:00,ROOM-03,20.88,54.0,1108,14.8
2025-03-06T17:00:00,ROOM-03,21.49,44.4,608,13.4
2025-03-06T18:00:00,ROOM-03,18.62,48.1,1051,14.1
2025-03-06T19:00:00,ROOM-03,20.18,50.7,1469,13.4
2025-03-06T20:00:00,ROOM-03,20.24,39.4,1131,14.0
2025-03-06T21:00:00,ROOM-03,22.1,43.1,1487,9.9
2025-03-06T22:00:00,ROOM-03,21.51,42.4,1135,13.5
2025-03-06T23:00:00,ROOM-03,20.73,37.5,1722,10.3
2025-03-07T00:00:00,ROOM-03,20.78,40.0,2041,12.4
2025-03-07T01:00:00,ROOM-03,20.25,40.7,1281,14.1
2025-03-07T02:00:00,ROOM-03,21.37,41.1,1532,11.6
2025-03-07T03:00:00,ROOM-03,20.79,45.3,929,11.6
2025-03-07T04:00:00,ROOM-03,19.29,45.6,1589,12.8
2025-03-07T05:00:00,ROOM-03,21.23,51.7,1156,9.6
2025-03-07T06:00:00,ROOM-03,20.55,40.7,1300,13.8
2025-03-07T07:00:00,ROOM-03,21.53,38.1,1915,12.4
2025-03-07T08:00:00,ROOM-03,21.18,43.6,1195,13.6
2025-03-07T09:00:00,ROOM-03,20.01,42.5,1309,15.1
2025-03-07T10:00:00,ROOM-03,20.2,43.2,1088,12.3
2025-03-07T11:00:00,ROOM-03,21.11,42.3,1480,11.2
2025-03-07T12:00:00,ROOM-03,20.82,43.2,1441,11.7
2025-03-07T13:00:00,ROOM-03,19.85,47.3,1467,13.3
2025-03-07T14:00:00,ROOM-03,21.4,46.1,1132,11.7
2025-03-07T15:00:00,ROOM-03,20.65,47.3,1549,11.8
2025-03-07T16:00:00,ROOM-03,21.28,40.2,1060,14.3
2025-03-07T17:00:00,ROOM-03,20.43,45.4,1655,15.6
2025-03-07T18:00:00,ROOM-03,20.69,43.2,1349,12.6
2025-03-07T19:00:00,ROOM-03,19.48,47.2,792,13.4
2025-03-07T20:00:00,ROOM-03,21.33,41.2,958,14.4
2025-03-07T21:00:00,ROOM-03,20.94,50.1,1940,10.8
2025-03-07T22:00:00,ROOM-03,21.14,39.1,1009,9.0
2025-03-07T23:00:00,ROOM-03,20.51,45.1,1134,12.5
2025-03-08T00:00:00,ROOM-03,20.32,45.4,802,10.1
2025-03-08T01:00:00,ROOM-03,20.69,39.9,1783,13.7
2025-03-08T02:00:00,ROOM-03,20.0,48.3,1401,14.1
2025-03-08T03:00:00,ROOM-03,20.36,47.1,1210,13.8
2025-03-08T04:00:00,ROOM-03,21.35,42.0,1128,14.2
2025-03-08T05:00:00,ROOM-03,20.68,42.5,1581,10.0
2025-03-08T06:00:00,ROOM-03,19.92,44.3,1891,14.2
2025-03-08T07:00:00,ROOM-03,20.41,44.9,1206,13.0
2025-03-08T08:00:00,ROOM-03,19.93,45.1,593,14.4
2025-03-08T09:00:00,ROOM-03,20.0,41.3,1484,15.1
2025-03-08T10:00:00,ROOM-03,20.83,53.5,1304,13.0
2025-03-08T11:00:00,ROOM-03,19.56,45.3,729,12.9
2025-03-08T12:00:00,ROOM-03,20.89,43.9,1279,13.2
2025-03-08T13:00:00,ROOM-03,20.21,47.5,1141,11.0
2025-03-08T14:00:00,ROOM-03,19.87,41.6,1167,14.1
2025-03-08T15:00:00,ROOM-03,20.4,47.4,1422,11.9
2025-03-08T16:00:00,ROOM-03,21.3,44.5,1774,12.1
2025-03-08T17:00:00,ROOM-03,20.4,42.7,1591,13.7
2025-03-08T18:00:00,ROOM-03,20.12,36.6,1471,14.1
2025-03-08T19:00:00,ROOM-03,21.18,38.9,1501,12.4
2025-03-08T20:00:00,ROOM-03,21.32,48.0,1215,11.1
2025-03-08T21:00:00,ROOM-03,21.02,45.8,1387,14.4
2025-03-08T22:00:00,ROOM-03,20.55,52.1,1291,11.4
2025-03-08T23:00:00,ROOM-03,21.53,41.6,1966,10.6
2025-03-09T00:00:00,ROOM-03,19.91,42.3,1455,11.6
2025-03-09T01:00:00,ROOM-03,19.93,49.3,1021,14.3
2025-03-09T02:00:00,ROOM-03,20.73,39.3,1281,10.2
2025-03-09T03:00:00,ROOM-03,20.18,41.8,872,14.0
2025-03-09T04:00:00,ROOM-03,20.89,43.8,796,13.6
2025-03-09T05:00:00,ROOM-03,21.81,45.0,2132,13.5
2025-03-09T06:00:00,ROOM-03,21.8,42.7,1831,14.2
2025-03-09T07:00:00,ROOM-03,19.85,52.4,2028,12.5
2025-03-09T08:00:00,ROOM-03,20.25,49.2,815,10.2
2025-03-09T09:00:00,ROOM-03,19.24,41.2,722,15.5
2025-03-09T10:00:00,ROOM-03,19.72,52.7,1317,10.7
2025-03-09T11:00:00,ROOM-03,19.99,46.9,1352,11.5
2025-03-09T12:00:00,ROOM-03,20.72,44.7,1143,12.9
2025-03-09T13:00:00,ROOM-03,21.18,47.0,1505,12.9
2025-03-09T14:00:00,ROOM-03,20.7,46.8,954,12.4
2025-03-09T15:00:00,ROOM-03,20.18,43.4,1337,10.8
2025-03-09T16:00:00,ROOM-03,19.66,37.7,1245,11.0
2025-03-09T17:00:00,ROOM-03,20.96,43.9,1495,11.6
2025-03-09T18:00:00,ROOM-03,19.9,43.7,1437,13.8
2025-03-09T19:00:00,ROOM-03,20.62,47.6,1714,11.9
2025-03-09T20:00:00,ROOM-03,19.85,45.6,1378,12.2
2025-03-09T21:00:00,ROOM-03,20.13,44.7,1481,12.0
2025-03-09T22:00:00,ROOM-03,20.9,38.2,1251,10.7
2025-03-09T23:00:00,ROOM-03,20.59,50.5,1691,14.4
2025-03-10T00:00:00,ROOM-03,20.57,43.7,835,11.5
2025-03-10T01:00:00,ROOM-03,21.62,48.5,1272,7.9
2025-03-10T02:00:00,ROOM-03,20.3,43.1,1029,13.3
2025-03-10T03:00:00,ROOM-03,20.25,43.6,1970,10.9
2025-03-10T04:00:00,ROOM-03,20.16,43.4,1437,13.3
2025-03-10T05:00:00,ROOM-03,20.44,47.6,1473,13.2
2025-03-10T06:00:00,ROOM-03,19.9,42.8,1544,13.7
2025-03-10T07:00:00,ROOM-03,20.43,39.7,1629,12.0
2025-03-10T08:00:00,ROOM-03,21.64,44.8,2161,13.0
2025-03-10T09:00:00,ROOM-03,19.31,49.8,1297,13.8
2025-03-10T10:00:00,ROOM-03,19.97,42.0,1338,13.5
2025-03-10T11:00:00,ROOM-03,21.23,40.1,1765,12.8
2025-03-10T12:00:00,ROOM-03,20.53,43.4,1561,9.5
2025-03-10T13:00:00,ROOM-03,21.57,49.0,950,12.7
2025-03-10T14:00:00,ROOM-03,20.99,46.9,1866,13.1
2025-03-10T15:00:00,ROOM-03,19.32,51.4,1122,12.3
2025-03-10T16:00:00,ROOM-03,20.9,40.7,1310,15.6
2025-03-10T17:00:00,ROOM-03,20.22,41.0,1667,14.1
2025-03-10T18:00:00,ROOM-03,20.91,42.6,1347,12.1
2025-03-10T19:00:00,ROOM-03,20.58,44.3,1355,14.9
2025-03-10T20:00:00,ROOM-03,20.37,46.3,1389,13.6
2025-03-10T21:00:00,ROOM-03,20.95,50.7,958,11.9
2025-03-10T22:00:00,ROOM-03,20.17,49.4,1046,10.6
2025-03-10T23:00:00,ROOM-03,20.2,47.8,1208,12.6
2025-03-01T00:00:00,ROOM-04,20.06,45.6,143056,11.2
2025-03-01T01:00:00,ROOM-04,20.5,38.0,152781,10.1
2025-03-01T02:00:00,ROOM-04,20.78,42.2,82077,12.8
2025-03-01T03:00:00,ROOM-04,19.6,38.5,152034,12.9
2025-03-01T04:00:00,ROOM-04,20.71,40.6,155440,12.3
2025-03-01T05:00:00,ROOM-04,20.56,45.7,140090,13.3
2025-03-01T06:00:00,ROOM-04,21.4,50.9,122690,9.3
2025-03-01T07:00:00,ROOM-04,20.38,53.3,144095,11.1
2025-03-01T08:00:00,ROOM-04,21.17,37.2,149491,10.2
2025-03-01T09:00:00,ROOM-04,19.95,45.8,152352,13.9
2025-03-01T10:00:00,ROOM-04,20.52,41.2,202082,10.2
2025-03-01T11:00:00,ROOM-04,21.07,45.9,117620,10.7
2025-03-01T12:00:00,ROOM-04,20.45,45.5,146220,10.9
2025-03-01T13:00:00,ROOM-04,19.87,45.3,159077,10.1
2025-03-01T14:00:00,ROOM-04,20.97,56.0,65862,10.4
2025-03-01T15:00:00,ROOM-04,20.06,49.1,186823,13.4
2025-03-01T16:00:00,ROOM-04,20.56,48.8,134778,16.6
2025-03-01T17:00:00,ROOM-04,20.47,40.7,93509,13.4
2025-03-01T18:00:00,ROOM-04,19.98,37.9,131719,11.8
2025-03-01T19:00:00,ROOM-04,20.66,46.0,146006,11.6
2025-03-01T20:00:00,ROOM-04,21.49,46.3,187098,12.8
2025-03-01T21:00:00,ROOM-04,20.86,46.6,136866,14.4
2025-03-01T22:00:00,ROOM-04,20.7,44.6,134004,15.2
2025-03-01T23:00:00,ROOM-04,19.9,47.6,158875,10.9
2025-03-02T00:00:00,ROOM-04,20.24,53.0,175913,10.3
2025-03-02T01:00:00,ROOM-04,21.21,43.2,174650,11.1
2025-03-02T02:00:00,ROOM-04,20.14,42.9,127917,12.6
2025-03-02T03:00:00,ROOM-04,20.84,47.3,110487,8.7
2025-03-02T04:00:00,ROOM-04,20.97,46.1,170350,14.4
2025-03-02T05:00:00,ROOM-04,20.21,46.1,157501,13.9
2025-03-02T06:00:00,ROOM-04,20.09,44.6,109992,13.5
2025-03-02T07:00:00,ROOM-04,20.85,38.8,168822,11.7
2025-03-02T08:00:00,ROOM-04,20.88,42.4,144267,11.8
2025-03-02T09:00:00,ROOM-04,21.3,42.4,56798,12.5
2025-03-02T10:00:00,ROOM-04,21.1,40.2,153538,12.1
2025-03-02T11:00:00,ROOM-04,19.39,49.4,64404,11.9
2025-03-02T12:00:00,ROOM-04,20.78,52.3,161245,14.0
2025-03-02T13:00:00,ROOM-04,20.43,40.2,134716,11.3
2025-03-02T14:00:00,ROOM-04,21.09,47.9,163429,13.3
2025-03-02T15:00:00,ROOM-04,20.16,46.3,115236,11.4
2025-03-02T16:00:00,ROOM-04,19.87,38.0,123834,13.7
2025-03-02T17:00:00,ROOM-04,20.14,37.6,131041,9.0
2025-03-02T18:00:00,ROOM-04,19.73,46.8,95501,13.4
2025-03-02T19:00:00,ROOM-04,21.97,44.4,121349,9.8
2025-03-02T20:00:00,ROOM-04,21.0,48.7,130333,14.2
2025-03-02T21:00:00,ROOM-04,20.43,45.9,149569,14.7
2025-03-02T22:00:00,ROOM-04,20.34,46.4,155185,8.8
2025-03-02T23:00:00,ROOM-04,20.37,40.4,143805,15.0
2025-03-03T00:00:00,ROOM-04,19.96,48.4,159935,13.0
2025-03-03T01:00:00,ROOM-04,20.94,45.1,102020,11.1
2025-03-03T02:00:00,ROOM-04,20.45,48.4,189516,13.8
2025-03-03T03:00:00,ROOM-04,20.43,47.8,141512,11.9
2025-03-03T04:00:00,ROOM-04,21.31,43.9,100737,12.4
2025-03-03T05:00:00,ROOM-04,19.73,38.4,98836,11.8
2025-03-03T06:00:00,ROOM-04,20.56,44.7,170230,13.4
2025-03-03T07:00:00,ROOM-04,20.79,44.3,76962,11.9
2025-03-03T08:00:00,ROOM-04,20.55,43.6,185639,11.8
2025-03-03T09:00:00,ROOM-04,20.75,48.6,120331,13.7
2025-03-03T10:00:00,ROOM-04,20.68,45.0,131228,13.1
2025-03-03T11:00:00,ROOM-04,20.05,38.4,128087,14.4
2025-03-03T12:00:00,ROOM-04,21.35,47.1,143997,11.2
2025-03-03T13:00:00,ROOM-04,20.72,44.6,109003,10.7
2025-03-03T14:00:00,ROOM-04,20.19,49.4,65116,10.8
2025-03-03T15:00:00,ROOM-04,20.09,45.9,198437,14.6
2025-03-03T16:00:00,ROOM-04,20.22,42.1,151735,13.2
2025-03-03T17:00:00,ROOM-04,19.88,50.5,114561,10.1
2025-03-03T18:00:00,ROOM-04,20.36,42.2,171142,12.0
2025-03-03T19:00:00,ROOM-04,20.07,52.3,115132,11.4
2025-03-03T20:00:00,ROOM-04,20.86,46.4,166881,13.7
2025-03-03T21:00:00,ROOM-04,20.75,42.5,84513,11.1
2025-03-03T22:00:00,ROOM-04,21.58,42.0,129275,11.7
2025-03-03T23:00:00,ROOM-04,21.06,45.0,106595,11.7
2025-03-04T00:00:00,ROOM-04,20.51,45.1,146836,12.4
2025-03-04T01:00:00,ROOM-04,20.92,53.0,82825,11.7
2025-03-04T02:00:00,ROOM-04,20.78,40.5,150799,12.1
2025-03-04T03:00:00,ROOM-04,21.05,45.9,132011,12.4
2025-03-04T04:00:00,ROOM-04,20.24,44.0,201598,11.8
2025-03-04T05:00:00,ROOM-04,21.13,43.0,135705,9.8
2025-03-04T06:00:00,ROOM-04,19.5,45.4,117371,13.1
2025-03-04T07:00:00,ROOM-04,21.44,47.8,158890,12.6
2025-03-04T08:00:00,ROOM-04,20.33,44.2,118139,12.4
2025-03-04T09:00:00,ROOM-04,21.38,58.0,121675,11.9
2025-03-04T10:00:00,ROOM-04,20.18,43.1,167156,14.5
2025-03-04T11:00:00,ROOM-04,20.39,41.9,177175,13.5
2025-03-04T12:00:00,ROOM-04,20.79,41.8,94806,11.8
2025-03-04T13:00:00,ROOM-04,19.55,48.0,130151,13.5
2025-03-04T14:00:00,ROOM-04,20.36,46.0,98164,13.6
2025-03-04T15:00:00,ROOM-04,20.89,39.9,108193,12.1
2025-03-04T16:00:00,ROOM-04,20.48,48.5,132995,11.2
2025-03-04T17:00:00,ROOM-04,20.13,43.7,119771,13.2
2025-03-04T18:00:00,ROOM-04,19.59,45.4,142694,12.7
2025-03-04T19:00:00,ROOM-04,20.11,46.7,124378,10.8
2025-03-04T20:00:00,ROOM-04,20.55,54.6,187622,14.1
2025-03-04T21:00:00,ROOM-04,20.27,38.5,181076,12.7
2025-03-04T22:00:00,ROOM-04,20.79,46.0,170654,13.4
2025-03-04T23:00:00,ROOM-04,20.0,35.6,131645,11.3
2025-03-05T00:00:00,ROOM-04,20.31,46.4,142450,11.0
2025-03-05T01:00:00,ROOM-04,21.62,44.6,137884,10.2
2025-03-05T02:00:00,ROOM-04,20.98,44.5,128340,13.8
2025-03-05T03:00:00,ROOM-04,21.24,38.4,174968,12.4
2025-03-05T04:00:00,ROOM-04,21.21,36.6,127466,13.8
2025-03-05T05:00:00,ROOM-04,20.6,45.8,179900,9.4
2025-03-05T06:00:00,ROOM-04,22.13,50.9,148425,14.0
2025-03-05T07:00:00,ROOM-04,21.2,49.4,94871,13.7
2025-03-05T08:00:00,ROOM-04,21.52,53.6,114355,14.9
2025-03-05T09:00:00,ROOM-04,21.1,51.7,84199,13.2
2025-03-05T10:00:00,ROOM-04,19.79,41.8,117924,12.7
2025-03-05T11:00:00,ROOM-04,20.57,43.6,147381,13.6
2025-03-05T12:00:00,ROOM-04,20.39,47.9,133459,15.9
2025-03-05T13:00:00,ROOM-04,20.13,49.3,135145,11.0
2025-03-05T14:00:00,ROOM-04,19.77,47.9,163780,12.8
2025-03-05T15:00:00,ROOM-04,21.06,48.4,150495,12.0
2025-03-05T16:00:00,ROOM-04,20.22,46.4,176041,11.3
2025-03-05T17:00:00,ROOM-04,20.59,50.8,155221,13.8
2025-03-05T18:00:00,ROOM-04,21.16,44.3,101296,14.7
2025-03-05T19:00:00,ROOM-04,20.88,48.0,205406,10.7
2025-03-05T20:00:00,ROOM-04,19.93,41.2,195236,9.9
2025-03-05T21:00:00,ROOM-04,18.78,46.1,142910,10.2
2025-03-05T22:00:00,ROOM-04,21.38,51.6,177957,13.5
2025-03-05T23:00:00,ROOM-04,19.48,40.7,110145,14.1
2025-03-06T00:00:00,ROOM-04,19.78,50.7,130734,12.2
2025-03-06T01:00:00,ROOM-04,21.14,44.2,126362,13.2
2025-03-06T02:00:00,ROOM-04,20.9,45.0,166850,13.7
2025-03-06T03:00:00,ROOM-04,20.05,45.5,72348,11.1
2025-03-06T04:00:00,ROOM-04,20.43,42.8,187597,12.1
2025-03-06T05:00:00,ROOM-04,20.7,45.4,159548,12.1
2025-03-06T06:00:00,ROOM-04,19.21,50.9,191050,11.2
2025-03-06T07:00:00,ROOM-04,19.61,42.3,191754,11.6
2025-03-06T08:00:00,ROOM-04,20.99,47.6,98006,12.2
2025-03-06T09:00:00,ROOM-04,20.01,40.2,150354,15.1
2025-03-06T10:00:00,ROOM-04,20.79,46.6,155468,8.8
2025-03-06T11:00:00,ROOM-04,21.15,49.7,109816,11.6
2025-03-06T12:00:00,ROOM-04,20.17,49.0,85909,15.0
2025-03-06T13:00:00,ROOM-04,20.59,42.9,116836,14.0
2025-03-06T14:00:00,ROOM-04,20.98,48.0,167860,12.5
2025-03-06T15:00:00,ROOM-04,19.77,55.3,81045,16.1
2025-03-06T16:00:00,ROOM-04,20.58,50.7,181525,13.3
2025-03-06T17:00:00,ROOM-04,20.28,38.5,104299,15.4
2025-03-06T18:00:00,ROOM-04,21.18,40.7,121116,11.4
2025-03-06T19:00:00,ROOM-04,19.33,50.7,147775,10.9
2025-03-06T20:00:00,ROOM-04,20.25,43.7,147542,10.9
2025-03-06T21:00:00,ROOM-04,20.33,47.2,118306,11.0
2025-03-06T22:00:00,ROOM-04,19.5,45.0,165633,13.2
2025-03-06T23:00:00,ROOM-04,20.43,40.6,142632,14.3
2025-03-07T00:00:00,ROOM-04,20.07,49.0,97379,13.3
2025-03-07T01:00:00,ROOM-04,20.74,39.0,170073,10.4
2025-03-07T02:00:00,ROOM-04,20.24,44.6,172203,13.5
2025-03-07T03:00:00,ROOM-04,21.62,45.7,137751,13.4
2025-03-07T04:00:00,ROOM-04,20.37,42.4,144685,11.0
2025-03-07T05:00:00,ROOM-04,21.97,41.4,55597,12.3
2025-03-07T06:00:00,ROOM-04,19.65,39.6,109234,12.1
2025-03-07T07:00:00,ROOM-04,20.7,45.7,199324,12.5
2025-03-07T08:00:00,ROOM-04,20.45,49.2,202946,12.2
2025-03-07T09:00:00,ROOM-04,18.95,51.3,138809,13.8
2025-03-07T10:00:00,ROOM-04,20.49,42.1,159150,14.2
2025-03-07T11:00:00,ROOM-04,20.7,39.8,169112,11.8
2025-03-07T12:00:00,ROOM-04,19.92,49.9,87025,13.4
2025-03-07T13:00:00,ROOM-04,20.54,45.6,100364,10.9
2025-03-07T14:00:00,ROOM-04,19.38,46.0,109922,12.8
2025-03-07T15:00:00,ROOM-04,20.94,46.5,150354,13.6
2025-03-07T16:00:00,ROOM-04,20.78,43.4,119997,11.9
2025-03-07T17:00:00,ROOM-04,20.01,40.6,53561,10.3
2025-03-07T18:00:00,ROOM-04,21.51,40.6,130317,14.1
2025-03-07T19:00:00,ROOM-04,19.69,42.7,142425,13.9
2025-03-07T20:00:00,ROOM-04,20.67,42.6,170847,10.1
2025-03-07T21:00:00,ROOM-04,18.9,41.9,146973,13.8
2025-03-07T22:00:00,ROOM-04,20.86,46.5,116665,11.5
2025-03-07T23:00:00,ROOM-04,21.04,41.3,143193,11.8
2025-03-08T00:00:00,ROOM-04,20.88,43.7,88283,10.5
2025-03-08T01:00:00,ROOM-04,20.82,43.7,242287,14.2
2025-03-08T02:00:00,ROOM-04,20.25,42.7,142240,13.4
2025-03-08T03:00:00,ROOM-04,20.67,46.1,188668,10.7
2025-03-08T04:00:00,ROOM-04,20.52,45.7,116645,13.6
2025-03-08T05:00:00,ROOM-04,20.27,48.2,136522,12.9
2025-03-08T06:00:00,ROOM-04,21.32,43.4,184419,11.9
2025-03-08T07:00:00,ROOM-04,20.84,40.7,161470,13.8
2025-03-08T08:00:00,ROOM-04,19.14,42.5,115870,14.2
2025-03-08T09:00:00,ROOM-04,20.81,41.8,180578,11.2
2025-03-08T10:00:00,ROOM-04,19.79,46.6,143955,12.2
2025-03-08T11:00:00,ROOM-04,20.35,44.5,137711,13.9
2025-03-08T12:00:00,ROOM-04,20.3,42.0,117576,10.7
2025-03-08T13:00:00,ROOM-04,21.8,50.6,121710,12.0
2025-03-08T14:00:00,ROOM-04,20.38,44.6,101386,11.7
2025-03-08T15:00:00,ROOM-04,20.03,46.8,163775,12.9
2025-03-08T16:00:00,ROOM-04,19.77,48.0,153785,13.0
2025-03-08T17:00:00,ROOM-04,20.08,43.3,80345,13.2
2025-03-08T18:00:00,ROOM-04,20.4,42.3,171225,12.7
2025-03-08T19:00:00,ROOM-04,20.2,45.0,157014,13.3
2025-03-08T20:00:00,ROOM-04,20.52,42.9,133306,11.6
2025-03-08T21:00:00,ROOM-04,20.18,42.4,128195,10.2
2025-03-08T22:00:00,ROOM-04,20.29,47.1,104701,11.7
2025-03-08T23:00:00,ROOM-04,21.11,44.8,91194,12.9
2025-03-09T00:00:00,ROOM-04,20.57,41.6,194375,13.2
2025-03-09T01:00:00,ROOM-04,19.85,38.3,104409,14.1
2025-03-09T02:00:00,ROOM-04,21.75,49.0,138778,13.1
2025-03-09T03:00:00,ROOM-04,20.79,43.8,178359,12.2
2025-03-09T04:00:00,ROOM-04,21.11,43.5,226054,13.0
2025-03-09T05:00:00,ROOM-04,20.62,45.0,131368,9.4
2025-03-09T06:00:00,ROOM-04,20.17,47.4,91246,14.5
2025-03-09T07:00:00,ROOM-04,21.1,45.1,129107,11.6
2025-03-09T08:00:00,ROOM-04,20.28,40.6,131867,15.1
2025-03-09T09:00:00,ROOM-04,20.41,47.7,104409,12.3
2025-03-09T10:00:00,ROOM-04,21.12,41.0,99493,11.8
2025-03-09T11:00:00,ROOM-04,20.76,42.1,90818,13.0
2025-03-09T12:00:00,ROOM-04,21.86,46.1,151070,14.0
2025-03-09T13:00:00,ROOM-04,19.68,42.9,151968,11.5
2025-03-09T14:00:00,ROOM-04,20.21,49.0,164294,13.2
2025-03-09T15:00:00,ROOM-04,19.95,40.6,120260,10.5
2025-03-09T16:00:00,ROOM-04,19.67,48.9,91828,15.4
2025-03-09T17:00:00,ROOM-04,20.28,42.0,133904,13.7
2025-03-09T18:00:00,ROOM-04,19.87,41.8,101244,14.7
2025-03-09T19:00:00,ROOM-04,19.58,46.9,65575,12.2
2025-03-09T20:00:00,ROOM-04,20.76,49.4,127017,15.1
2025-03-09T21:00:00,ROOM-04,20.56,42.7,164225,9.5
2025-03-09T22:00:00,ROOM-04,20.97,45.7,73168,12.8
2025-03-09T23:00:00,ROOM-04,20.58,54.9,155655,12.8
2025-03-10T00:00:00,ROOM-04,21.29,47.2,169991,12.4
2025-03-10T01:00:00,ROOM-04,20.23,46.0,121418,12.1
2025-03-10T02:00:00,ROOM-04,20.12,41.4,108550,13.2
2025-03-10T03:00:00,ROOM-04,19.61,44.6,91185,15.1
2025-03-10T04:00:00,ROOM-04,19.85,44.1,178400,13.7
2025-03-10T05:00:00,ROOM-04,21.25,38.7,116869,12.1
2025-03-10T06:00:00,ROOM-04,20.23,42.6,92455,13.2
2025-03-10T07:00:00,ROOM-04,19.75,44.5,193500,13.9
2025-03-10T08:00:00,ROOM-04,20.41,48.2,89305,12.5
2025-03-10T09:00:00,ROOM-04,19.9,42.0,141686,14.3
2025-03-10T10:00:00,ROOM-04,19.86,48.4,132896,11.0
2025-03-10T11:00:00,ROOM-04,20.04,52.3,123419,11.1
2025-03-10T12:00:00,ROOM-04,20.63,43.5,114202,12.1
2025-03-10T13:00:00,ROOM-04,20.45,43.6,115208,14.1
2025-03-10T14:00:00,ROOM-04,19.99,45.6,184839,12.9
2025-03-10T15:00:00,ROOM-04,20.39,43.9,125764,10.7
2025-03-10T16:00:00,ROOM-04,20.27,42.8,210537,12.2
2025-03-10T17:00:00,ROOM-04,19.41,50.0,126304,12.3
2025-03-10T18:00:00,ROOM-04,20.47,51.6,49673,12.4
2025-03-10T19:00:00,ROOM-04,20.34,50.0,172902,13.5
2025-03-10T20:00:00,ROOM-04,20.47,44.2,72878,11.1
2025-03-10T21:00:00,ROOM-04,20.38,45.1,77262,9.9
2025-03-10T22:00:00,ROOM-04,21.57,46.1,123144,12.3
2025-03-10T23:00:00,ROOM-04,20.79,45.1,150816,13.3
